size,trial,seed,dijkstra_time_s,astar_time_s,quantum_time_s,dijkstra_cost,astar_cost,quantum_cost,quantum_path_hops,quantum_feasible,quantum_peak_prob,quality_ratio
50,0,7,0.00041788999806158245,0.00030154599880916066,0.031326342999818735,0.8455724666127021,0.8455724666127021,0.8455724666127021,3,True,0.07066291392133953,1.0
100,0,7,0.00012465499821701087,0.0001804529965738766,0.018111747998773353,1.3410577426889445,1.3410577426889445,3.07882333968606,7,False,0.050767690060786595,2.2958171312688855
