size,trial,seed,dijkstra_time_s,astar_time_s,quantum_time_s,dijkstra_cost,astar_cost,quantum_score,quantum_peak_prob,quality_ratio
500,0,7,0.0010400950013718102,0.0010246599995298311,0.13350260600054753,2.691231890610017,2.691231890610017,144.057947018871,0.0069416510556616785,53.528626619468916
800,0,7,0.000581788997806143,0.0008192530003725551,0.08548726099979831,2.3616615999913817,2.3616615999913817,313.37210680053647,0.0031910944793708362,132.6913672990576
1000,0,7,0.000667275999148842,0.0010614670027280226,0.06404064400339848,2.346515183823037,2.346515183823037,390.35351999088147,0.002561780408751943,166.35456811956436
